W_PCT,AGE,FGM,FGA,FG_PCT,FG3M,FG3A,FG3_PCT,FTM,FTA,FT_PCT,OREB,DREB,REB,AST,TOV,STL,BLK,BLKA,PF,PFD,PTS,PLUS_MINUS,FP,DD2,TD3
0.441,26,3.7,9.9,0.375,1.2,4,0.297,2.1,2.4,0.886,0.3,1,1.3,3.9,1.7,0.6,0.1,0.7,1.9,2.1,10.7,-2.8,18.5,2,0
0.512,26,1.4,2.4,0.566,0,0,0,0.4,0.8,0.5,1.4,2.7,4.2,0.4,0.8,0.3,0.3,0.3,2.3,0.7,3.1,0.7,9.6,2,0
0.392,26,1.6,3.6,0.435,0.1,0.7,0.167,0.9,1.3,0.734,0.2,1,1.2,1.6,0.8,0.6,0,0.4,1.2,1.2,4.2,-2.6,9.2,0,0
0.44,24,2.3,6.4,0.356,0.8,3,0.275,1.1,1.6,0.667,0.3,1.1,1.4,2.2,1.1,0.6,0,0.2,1.2,1.5,6.5,0.5,12.3,0,0
0.616,31,3.8,9.2,0.416,1.6,4.5,0.357,1.2,1.6,0.735,1,3.5,4.5,1.4,1.5,0.5,0.1,0.6,2.8,1.5,10.5,1.8,18.6,1,0
0.532,25,6.7,12,0.557,0,0.1,0.5,1.9,2.4,0.798,2.4,7,9.3,3.5,1.5,0.8,1,0.5,2.5,2.3,15.3,0.6,35.5,36,0
0.476,26,8,16.1,0.496,0,0,0,2.7,3.5,0.761,2.9,6.8,9.7,1.8,1.3,0.6,1.9,1.1,2.9,3.1,18.6,-2,39,37,0
0.296,27,2.9,6.1,0.476,0.1,0.4,0.154,1.5,2,0.775,0.8,2.2,3,0.9,0.9,0.5,0.2,0.3,2,1.6,7.4,-2,13.4,0,0
0.176,23,1.7,3.9,0.444,0.4,1,0.353,0.4,0.5,0.722,0.5,1.8,2.3,0.3,0.5,0.3,0.6,0.1,2.1,0.6,4.2,0.2,9.5,0,0
0.383,20,2,5,0.394,0.6,1.8,0.315,1.1,1.5,0.773,0.9,2.4,3.3,0.7,1.3,0.7,0.3,0.5,1.5,1.1,5.6,-2.3,12.5,0,0
0.286,24,2.2,4.7,0.458,0.3,0.9,0.333,1.3,1.6,0.783,1.1,2.1,3.3,0.7,1,0.7,0.3,0.7,1.7,1.1,5.9,-4.9,13,0,0
0.5,28,9.5,19,0.502,0.1,0.3,0.435,6.1,7.7,0.792,2.5,5.6,8.2,2.6,3.2,0.9,1.9,1.5,3.5,6.1,25.3,0.8,44.2,26,0
0.278,24,3.9,6.9,0.568,0,0,0,1.8,2.2,0.788,2.6,3.8,6.4,1.1,1,0.7,1.2,0.7,3.7,2.2,9.6,-1.8,23.8,11,0
0.258,28,3.7,7,0.528,0,0.1,0,1.7,2.6,0.667,3.2,6.5,9.7,1.5,1.3,0.9,1.2,0.7,2.8,2.8,9.1,-5.5,27.9,7,0
0.328,24,6.7,15,0.445,0.1,0.3,0.222,3.4,4.4,0.777,2.9,5.4,8.2,2.3,2.7,1.5,0.8,1.2,2.8,3.6,16.8,-3.8,34.3,17,0
0.537,27,5,11.3,0.445,0.9,2.7,0.337,3.1,4.5,0.693,0.9,4.9,5.8,6.3,2.1,1.5,0.6,0.3,1.6,3.7,14.1,2.4,34.6,11,3
0.58,35,4.8,10.4,0.46,0,0.5,0.108,3.1,3.6,0.853,1.2,2.5,3.7,7,2.4,1.4,0.1,0.7,2.1,2.8,12.7,3.1,29.9,11,0
0.288,25,8,17.8,0.448,1.2,3.4,0.345,4.3,5.3,0.82,1.1,4.1,5.2,1.8,2.3,0.5,0.7,0.7,2.4,4.5,21.4,-4.8,31.7,2,0
0.516,30,4,8.5,0.467,0.6,1.5,0.367,3.3,4.2,0.77,1.6,3.5,5.1,3,1.8,1.3,1.2,0.6,1.8,3.1,11.7,-0.5,27.8,4,0
0.426,31,2.2,5.1,0.426,0.8,2.2,0.356,0.9,1.1,0.803,0.4,2.8,3.1,0.8,0.9,0.3,0.3,0.3,1.9,1.1,6.1,-2.6,11.8,2,0
0.431,26,5.6,11.4,0.495,0,0.1,0,1.5,3.3,0.442,3.1,8,11.1,2,1.9,0.7,2.6,0.6,3.3,3.7,12.8,0.2,37.1,24,0
0.667,23,4.4,7.6,0.574,0,0,0,2.6,3.9,0.66,3.1,6.3,9.4,1.4,1.4,0.4,2,0.6,2.6,2.8,11.3,3.7,30.2,17,0
0.441,25,2.4,4.5,0.534,0,0,0,0.2,0.5,0.323,2.5,4.8,7.2,1,1,0.9,0.9,0.2,3.4,0.9,5,-4,19.5,3,0
0.4,24,0.6,1.4,0.429,0.2,0.8,0.25,0.2,0.4,0.5,0,0.2,0.2,0.6,1.4,0.2,0,0,0,0.2,1.6,-2.2,1.9,0,0
0.161,35,6.7,15.6,0.427,1.6,4.7,0.346,3.1,4.2,0.731,1.5,5.2,6.7,1.7,1.4,0.9,0.5,0.5,2.4,3.7,18,-6.5,31.5,10,0
0.606,36,1.4,3.2,0.425,0.4,1.2,0.3,0.2,0.2,1,0.2,1.3,1.5,2.1,1.2,0.8,0.2,0.1,1.5,0.4,3.3,0.3,10.1,0,0
0.293,25,4.8,10.7,0.45,1.9,4.5,0.423,1.7,1.8,0.897,0.6,2.3,3,1.2,0.9,0.3,0.1,0.4,2.3,1.3,13.2,-2.1,18.9,0,0
0.25,36,3.1,7.7,0.399,1.2,3.2,0.379,1,1.3,0.779,0.5,2.6,3,3,1.1,0.9,0.1,0.2,1.5,1.5,8.3,-4.2,18.6,0,0
0.275,21,3.1,6.6,0.466,0,0.1,0.25,1.5,2.2,0.674,1.1,2.9,4,0.8,1.3,0.6,0.6,0.4,1.6,1.8,7.6,-3.5,15.8,5,0
0.185,26,2.2,4.8,0.45,0.7,1.8,0.409,1.6,2,0.802,1.4,3.1,4.5,1.3,0.8,0.4,0.4,0.3,2.2,2.2,6.7,-1.2,15.8,3,0
0.286,27,0.1,1.1,0.125,0,0.6,0,0,0,0,0.3,0.1,0.4,0,0.1,0.1,0,0,0.4,0.1,0.3,-3.4,1.1,0,0
0.25,36,0.5,1.3,0.4,0,0.5,0,0.5,0.5,1,0,1.3,1.3,0.5,0.3,0,0,0,0,0.8,1.5,3,3.5,0,0
0.74,36,2.3,4.7,0.491,0,0,0,0.7,1.1,0.675,1.7,3.7,5.4,1.2,1,0.5,0.5,0.1,2.2,1,5.3,1.8,15.7,5,0
0.526,22,1.2,2.7,0.455,0.1,0.3,0.417,0.3,0.6,0.591,0.3,0.7,0.9,1.2,1,0.1,0,0.2,0.8,0.6,2.9,-0.6,5.3,0,0
0.58,25,4.5,9.1,0.498,1.5,3.6,0.423,2,2.4,0.847,0.7,3,3.6,2.4,1,0.5,0.4,0.6,2.2,1.7,12.6,2.3,22.4,3,0
0.361,23,2.7,6.5,0.41,1,2.4,0.401,1.1,1.5,0.759,0.9,2.9,3.8,1.1,0.8,0.5,0.5,0.3,2.3,1.3,7.5,-1.8,16.1,0,0
0.677,20,0.7,2.2,0.343,0,0.2,0,0.2,0.4,0.5,0.1,0.4,0.5,0.4,0.5,0.3,0,0.2,0.6,0.4,1.7,-1.8,3.3,0,0
0.414,32,5,11.9,0.417,1.4,4.1,0.339,1.7,2.3,0.771,0.6,2.1,2.7,6.7,2.5,1.3,0.5,0.6,2.5,1.8,13.1,-0.2,29.4,7,0
0.366,28,4.1,9.4,0.44,1.3,3.2,0.402,1.7,2,0.85,0.5,1.9,2.4,2.1,1.7,0.6,0.2,0.4,2.2,1.6,11.2,-1.4,17.8,0,0
0.143,23,1.5,3.4,0.424,0.1,0.2,0.375,0.8,1.3,0.589,0.7,0.7,1.5,1.6,0.6,0.3,0.2,0.4,0.7,0.9,3.8,-1.9,8.9,0,0
0.37,36,1.2,2.8,0.45,0,0,0.5,0.4,1.1,0.333,2.4,4.1,6.5,1.3,0.8,1,1,0.3,1.5,1.5,2.9,-3.2,17.8,1,0
0.304,28,5.2,10.4,0.5,0.8,2.3,0.357,2.5,2.9,0.864,0.5,2.8,3.4,4.9,1.8,1.2,0.1,0.5,2.3,2.5,13.7,-3.4,27.2,4,0
0.39,22,8.5,16.8,0.506,0.1,0.3,0.292,5.4,8.5,0.642,3.3,8.8,12.1,3.8,2.7,0.8,0.5,1.1,3.1,7.5,22.5,-1.8,43.9,63,2
1,31,0,1.5,0,0,1.5,0,0,0,0,0,0,0,1,0,0,0,0,1,0,0,3,1.5,0,0
0.415,29,4.6,9.4,0.492,1,2.8,0.345,1,1.5,0.683,1.3,3.8,5,4.1,2,0.9,0.6,0.4,2.3,1.7,11.3,-2.9,25.9,5,1
0.533,35,2.2,4.9,0.446,0.7,1.8,0.374,1.3,1.6,0.83,0.7,3,3.7,2.4,0.9,0.5,0.4,0.4,1.6,1.6,6.4,0.7,16,1,0
0.378,23,1.6,3.2,0.513,0,0,0,0.6,0.8,0.677,0.8,1.6,2.4,0.3,0.4,0.3,0.5,0.3,0.9,0.8,3.8,-1.8,9.1,1,0
0.645,26,4.4,8.5,0.515,0,0,0,2.5,3.1,0.815,1.8,3.8,5.6,0.8,1.3,0.4,0.7,0.6,2.1,2.1,11.2,2.1,20.9,3,0
0.429,21,5.7,14.7,0.39,1.6,4.8,0.323,3.2,3.9,0.809,0.7,3,3.7,4.8,2.3,1.5,0.3,0.8,2.1,3,16.2,-1.1,31.1,6,1
0.532,26,4.4,11.1,0.4,0.8,2.4,0.333,2.5,2.9,0.848,0.6,2,2.6,2.7,1.2,0.8,0.3,0.5,1.6,3.1,12.2,1.7,21.4,1,0
0.403,25,3.2,7.7,0.421,1.4,3.3,0.417,1.2,1.6,0.755,0.5,2.7,3.2,0.9,1,0.6,0.5,0.5,1.6,1.2,9.1,-3.1,16.7,0,0
0.694,31,1.8,3.1,0.574,0,0,0,0.9,2.5,0.362,1.8,3.4,5.2,0.3,0.7,0.2,1,0.4,2,2,4.4,-0.2,14.1,2,0
0.661,34,0.8,1.8,0.43,0.8,1.6,0.483,0.3,0.3,0.944,0.2,0.9,1.1,0.7,0.3,0.4,0.1,0.1,1.5,0.8,2.6,-0.5,6.3,0,0
0.2,30,1.8,4.3,0.424,0.9,2,0.43,0.4,0.6,0.625,0.5,1.9,2.4,0.4,0.6,0.3,0.3,0.2,1.9,0.7,4.8,-0.7,9.4,1,0
0.667,33,0.6,1.1,0.526,0,0.3,0,0,0,0,0.1,0.4,0.4,0.3,0.3,0.2,0.2,0.1,1,0.1,1.1,-0.4,3,0,0
1,35,0,0,0,0,0,0,0,0,0,0,0,0,0,0,0,0,0,0,0,0,-5.5,0,0,0
0.293,23,7.9,16,0.492,0,0,0,4.7,6,0.787,2.4,3.5,6,1.6,2.1,0.6,1.5,1,2.9,4.5,20.4,-3.8,33.9,9,0
0.615,22,0.7,2.2,0.321,0,0,0,0.5,1.1,0.5,0.5,1.4,1.8,0,0.6,0.2,0.2,0.2,0.8,0.8,1.9,-1.4,4.7,0,0
0.756,27,1.8,4.8,0.371,0.5,1.4,0.393,0.8,1.1,0.742,0.2,1,1.1,2.3,0.9,0.7,0.1,0.3,1,1.2,4.9,1.7,11.2,0,0
0.329,27,4.5,9,0.502,0,0.1,0,2.8,3.8,0.74,2.2,2.4,4.6,0.8,1.4,0.5,0.4,0.7,2.6,3.2,11.9,-2.2,20,8,0
0.672,31,1.9,4.3,0.44,0.5,1.1,0.449,0.6,0.7,0.83,0.3,1.3,1.6,2,0.9,0.3,0,0,1.1,0.8,4.8,1.6,9.8,0,0
0.797,29,7.3,14.3,0.51,0,0,0,2.9,4.1,0.701,2.2,7.4,9.6,2.5,2.5,0.8,0.3,1.5,3.2,3.1,17.5,4.7,33.4,30,0
0.429,28,4.1,10.5,0.39,2.1,5.8,0.37,1.2,1.5,0.8,0.5,3.6,4.1,2.3,1.2,1.6,0.2,0.6,1.5,1.3,11.5,-1.7,23.8,2,0
0.558,27,8.9,19.5,0.455,1.2,3.3,0.378,6.6,7.9,0.838,1.5,5.8,7.3,2.9,2.7,0.9,0.6,1.4,2.9,5.5,25.6,2.4,40.4,18,0
0.724,31,5.9,13,0.45,1,2.2,0.431,2.3,3,0.773,0.8,3.3,4.1,1.6,1.7,1,0.3,0.7,2,2.3,15,5.1,24.3,1,0
0.365,26,1.4,3.5,0.39,0.8,1.9,0.394,0.5,0.8,0.7,0.4,1,1.4,0.3,0.3,0.3,0.1,0.2,1,0.7,4,0.4,7.3,0,0
0.506,28,4.6,10.8,0.432,2.2,5.7,0.39,1.2,1.4,0.832,0.8,5.8,6.7,1.2,0.9,0.6,1,0.2,3.5,1.6,12.7,1.3,26.5,8,0
0.368,32,0.6,2.3,0.279,0.3,1.1,0.286,0.1,0.2,0.5,0.3,0.6,0.9,0.7,0.3,0.3,0.1,0.2,0.7,0.4,1.7,0,4.6,0,0
0.355,26,4.1,9.3,0.442,1.6,4.3,0.387,1.2,1.5,0.767,0.7,3.2,3.9,0.6,0.9,0.6,0.6,0.1,2.3,1.3,11.1,-1.8,19.1,4,0
0.526,23,3.6,8.4,0.425,1.1,3.5,0.325,1.5,1.8,0.855,0.7,2.9,3.6,1.6,0.9,0.5,0.2,0.6,1.5,1.3,9.8,1.8,18,0,0
0.528,34,4.7,11,0.427,2,5,0.402,5.3,5.8,0.916,0.3,2.3,2.6,5.4,2.5,1,0.2,0.6,2,3.6,16.8,1.7,29.1,2,0
0.644,32,1.8,3,0.599,0,0,0,1.9,3,0.637,1.7,3.2,4.9,0.4,0.6,0.5,1.3,0.4,1.8,2.5,5.6,2,16.9,2,0
0.714,27,6.8,13.7,0.496,0.1,0.3,0.24,5,6.1,0.815,1.8,6.5,8.3,1.9,1.8,0.8,0.6,0.7,2.2,4.6,18.7,7.9,33.9,28,0
0.432,24,2.7,6.2,0.429,0.3,1,0.326,1.7,2,0.831,0.2,1.8,2,1.1,0.8,0.7,0.3,0.7,1.7,1.6,7.3,-0.5,13.5,0,0
0.706,28,1,2.5,0.38,0.3,1,0.25,0.3,0.5,0.56,0.2,0.8,1,2.3,1.2,0.3,0,0.3,0.6,0.7,2.5,0,7,0,0
0.714,25,0.6,1.5,0.429,0,0,0,1.1,1.4,0.75,0.9,1.4,2.3,0.2,0.7,0.2,0.6,0.1,1.5,1,2.4,-4,7.3,0,0
0.344,29,5.5,11.8,0.471,0,0,0,1.3,1.8,0.754,1.6,5.4,7,1.4,1.8,0.5,1.5,0.7,2.3,1.3,12.4,-1.4,27.2,6,0
0.563,26,5.4,11.6,0.463,0.9,2.3,0.388,4.2,4.8,0.878,0.5,3.6,4.1,9.8,2.2,2.4,0.1,0.4,2.5,4.8,15.9,3.2,40.4,32,0
0.805,27,0.8,2.2,0.363,0.3,0.9,0.297,0.1,0.2,0.5,0.1,0.5,0.6,1,0.3,0.1,0,0.1,0.7,0.2,2,-0.9,4.4,0,0
0.386,28,3.3,5.6,0.581,0,0,0,0.9,1.6,0.562,1.7,3.1,4.8,0.8,0.8,0.5,0.3,0.3,2.5,1.3,7.4,-0.1,15.9,3,0
0.227,22,3,7,0.425,0.6,2.1,0.275,0.4,0.6,0.643,0.6,2.2,2.8,0.8,1.1,0.8,0.6,0.5,1.8,0.6,6.9,-4.6,14.6,0,0
0.554,28,3.3,6.3,0.527,0,0,0,1.3,1.9,0.662,3,5.1,8.1,2.7,1.2,1.1,0.7,1,2.7,1.8,7.9,2.8,25.7,11,1
0.462,24,4.7,11.5,0.407,1.4,4.3,0.322,2,2.5,0.811,0.7,2.6,3.3,1.7,1.2,0.9,0.5,0.6,2.8,2.1,12.8,0.7,22.5,0,0
0.611,22,0.4,0.8,0.533,0,0,0,0.1,0.2,0.5,0.7,1.2,1.9,0.2,0.4,0.3,0.4,0.1,1.7,0.3,1,0.4,5.2,0,0
0.319,25,2.8,7.1,0.395,0.4,1.6,0.268,2,2.8,0.708,0.8,1.7,2.5,1.3,1.3,1.4,0.2,0.4,2.3,2.3,8,-1.9,16.8,0,0
0.373,31,3.8,8.3,0.453,0.4,1.2,0.359,4,4.9,0.834,0.7,2.9,3.6,1.3,1.9,0.3,0.1,0.6,2.6,3.4,12,-1.3,17.5,1,0
0.531,25,3.1,7.1,0.439,0.9,2.1,0.408,1.2,1.5,0.792,0.6,2,2.6,1.2,0.8,0.7,0.2,0.3,1.3,1,8.3,0.1,15.2,0,0
0,23,1.3,5.3,0.25,0,1.7,0,0,0,0,0.7,0.7,1.3,0.3,0,0.3,0,0.3,1,0.7,2.7,-3.7,5.8,0,0
0.354,27,2.2,3.9,0.553,0,0.1,0,1,1.4,0.735,0.9,1.5,2.4,0.6,0.7,0.3,0.1,0.4,1.8,1.1,5.4,-1.2,10,0,0
0.415,23,4.9,11.7,0.416,1.4,4.1,0.333,3.3,3.6,0.906,0.5,2.3,2.7,6.1,1.9,0.7,0,1,1.9,2.8,14.4,-3.1,27,7,0
0.698,24,1.8,4.2,0.436,1.5,3.6,0.422,0.4,0.5,0.8,0.2,1.5,1.7,0.5,0.4,0.3,0,0.1,1.2,0.3,5.6,1.8,8.9,0,0
0.489,30,2.2,4.8,0.467,0.3,0.9,0.359,1.5,2,0.767,0.1,1.4,1.4,0.7,0.7,0.4,0.2,0.3,1.6,1.6,6.3,-0.8,10.2,0,0
0.227,23,1.3,3.1,0.406,0.4,1,0.429,0.4,0.9,0.45,0.1,0.5,0.5,0.1,0.6,0.1,0,0.3,1,0.5,3.4,-1,4.1,0,0
0.481,31,1.3,2.6,0.504,0,0.2,0.2,0.8,1.1,0.714,0.4,1.3,1.7,0.8,0.4,0.5,0.2,0.2,1.4,0.8,3.5,-2.3,8.4,0,0
0.28,23,1.8,4.1,0.447,0,0.1,0,0.7,1.1,0.643,0.7,2.7,3.4,0.8,1,0.6,0.5,0.4,1.4,0.7,4.4,-1.2,12,0,0
0.31,33,1.3,3.1,0.419,0,0,0,0.2,0.6,0.37,1.7,1.5,3.2,0.3,0.7,0.3,0.7,0.2,2.2,0.8,2.8,-1.5,9.5,0,0
0.269,25,3.9,9.9,0.4,1.8,4.4,0.403,2,2.4,0.822,0.4,2.3,2.6,3,1.2,0.7,0.3,0.6,2.3,2.1,11.6,-2.9,21.2,0,0
0.548,22,4.3,10.3,0.414,1.7,4.7,0.352,5.4,6.3,0.862,1,4,4.9,1.7,1.3,0.8,0.4,0.4,2.3,4.8,15.6,1.1,26.5,2,0
0.456,28,6.8,15.9,0.425,2,5.2,0.386,5,5.9,0.848,1.1,4.3,5.4,2.6,2.6,1.1,0.8,1.3,2.7,4.1,20.5,-0.2,34,5,0
0.625,24,2.1,4.4,0.486,0.9,2.4,0.368,0,0,0,0.4,1.5,1.9,0.3,0.6,0.3,0.1,0.1,0.9,0.5,5.1,2.3,8.3,0,0
0.5,24,2.8,6.1,0.462,0,0.2,0.077,0.6,0.8,0.726,1.2,2.3,3.6,0.6,0.7,0.7,0.6,0.3,2.3,0.8,6.2,-1.8,14.3,3,0
0.4,33,0.7,1.5,0.467,0,0,0,0.2,0.4,0.5,0.2,0.8,1,0.2,0.4,0,0,0.1,1.6,0.4,1.6,-2,2.7,0,0
0.217,26,3.9,8.4,0.469,0,0,0,0.9,1.7,0.557,1.9,3.3,5.2,1.5,2.2,0.8,2,0.6,3.3,1.5,8.8,-3.5,23.6,5,0
0.305,25,1.3,2.7,0.487,0.1,0.2,0.273,0.5,0.8,0.612,0.8,0.8,1.6,0.2,0.4,0.2,0.1,0.2,1,0.7,3.2,-1.3,5.8,0,0
0.563,23,3.9,7.8,0.497,0,0.1,0,1.4,1.7,0.813,1.4,2.8,4.3,0.7,1.1,0.7,0.8,0.4,2.9,1.5,9.1,0.5,18.4,2,0
0.456,23,5,11,0.457,0.5,1.6,0.331,2.6,2.9,0.871,0.5,2.3,2.8,5.1,2.5,1.1,0.2,0.7,1.4,2.2,13.2,-1.7,25.6,4,0
0.425,31,1.4,3,0.463,0.2,0.6,0.348,0.4,0.6,0.636,0.5,1.6,2.1,0.3,0.6,0.1,0.2,0.3,1,0.6,3.4,0.5,6.9,0,0
0.479,28,6.8,13.4,0.507,0,0,0.333,2.9,3.7,0.787,3,6.8,9.8,3.2,2.3,1,0.4,0.9,2.9,2.9,16.5,-1.6,35,37,0
0.571,30,7.5,14.9,0.508,0,0.1,0.222,3.8,4.7,0.807,2.2,5.3,7.6,2.3,2,1,0.9,1,2.9,3.7,18.9,2.1,35,16,0
0.388,22,2.9,4.3,0.686,0,0,0,1.2,2.7,0.452,2.6,4.6,7.2,0.5,1.3,0.5,1.8,0.4,3.2,2.3,7.1,-1.3,22.1,8,0
0.741,22,3.6,7.2,0.501,0,0,0,1.1,1.7,0.657,2.7,4.3,7,1,1.4,1.2,0.5,0.8,2.6,1.5,8.3,1.7,21.8,17,0
0.542,27,2.3,5,0.458,0.5,1.4,0.364,0.5,0.6,0.867,0.3,1.3,1.5,2.7,1.3,0.8,0.4,0.4,1.2,0.7,5.6,-3.6,14,0,0
0.268,21,6.6,14.1,0.467,0.1,0.6,0.096,4,4.9,0.813,0.9,2.9,3.8,1.8,1.8,1,0.4,1.1,2.6,3.7,17.2,-5,27,1,0
0.284,20,5.3,12.4,0.43,0,0.2,0.167,3.4,5,0.687,2.7,6,8.6,2.5,3.3,1,0.8,1.4,4.1,4.6,14.1,-3.3,30.6,26,0
0.583,24,0.3,1,0.333,0,0,0,0.2,0.2,1,0.2,0.5,0.7,0.3,0,0.1,0.1,0.2,0.4,0.5,0.8,0.6,2.6,0,0
0.695,36,2.5,6.5,0.389,0.8,1.9,0.396,1,1.3,0.806,0.2,1.7,1.9,2.7,0.9,1.2,0.1,0.3,2.3,1.7,6.8,5.5,16.2,0,0
0.508,27,6.6,15,0.439,1.6,4.9,0.331,5.4,6.3,0.845,0.6,3.4,4,10.3,3.5,1.2,0.2,0.9,2.9,5.2,20.1,-1.8,41.1,34,0
0.449,23,1.5,2.7,0.565,0.1,0.2,0.5,0.7,1.2,0.533,0.8,1.2,2,0.7,0.7,0.4,0.2,0.2,1.2,1,3.8,-0.9,8.3,0,0
0.707,23,0.8,1.6,0.485,0,0,0,0.4,0.6,0.739,0.5,0.6,1,0.2,0.5,0.1,0.2,0.2,1.1,0.5,2,-1.4,4.1,0,0
0.321,19,2.8,5.3,0.517,0,0,0,1.3,2.2,0.595,2.2,3.1,5.3,0.5,1,0.4,0.9,0.4,3.2,1.6,6.8,-3,16.7,4,0
0.765,22,8.8,19.7,0.445,1.6,4.8,0.332,5.9,6.9,0.858,1,3.1,4.1,7.7,3.4,1,0.6,1.6,1.7,4.8,25,6.2,43,23,1
0.375,29,0.5,1.5,0.333,0,0,0,0.3,0.7,0.364,0.8,1.8,2.5,0.4,0.7,0.3,0.9,0.1,1.6,0.4,1.3,-2.5,7.8,0,0
0.681,30,1.8,4.6,0.388,1.3,3.5,0.378,0.5,0.6,0.767,0.3,1.2,1.5,1.1,0.6,0.3,0.1,0.2,1,0.8,5.3,0.4,9.2,0,0
0.75,21,1.1,2.6,0.412,0.1,0.3,0.4,0.9,1.2,0.783,0.8,0.6,1.4,0.1,0.3,0.2,0.3,0.3,0.4,0.7,3.1,-2.1,5.9,0,0
0.338,28,4.8,11.5,0.422,0.8,2.5,0.322,4.7,5.7,0.833,0.2,2.1,2.4,7.1,2.9,1,0.1,0.8,2.3,4.9,15.2,-2.9,29,9,0
1,23,0.5,1.5,0.333,0,0,0,0,0,0,0.5,1,1.5,0,1,0,0,0,1,0,1,4,1.8,0,0
0.753,33,8.4,16.2,0.517,0.9,2.3,0.393,5.4,6.1,0.892,0.7,6.3,7,2.6,1.9,0.5,0.6,0.4,2.4,4.8,23,7.3,37,16,0
0.488,30,0.6,1.2,0.469,0,0,0,0.3,0.4,0.722,0.9,1.2,2.1,0.1,0.5,0.1,0.7,0.1,1.3,0.4,1.4,-0.9,6.1,0,0
0.489,24,2.4,4.7,0.507,0,0,0,1,1.4,0.719,0.9,2.4,3.4,0.4,0.3,0.3,0.4,0.2,1.6,0.9,5.7,-0.7,12.1,0,0
0.346,25,1.4,3.5,0.396,0,0,0,0.6,0.8,0.769,1.2,2.6,3.8,0.8,0.5,0.2,0.6,0.4,1.8,0.6,3.3,-1.4,11.2,1,0
0.556,22,0.8,2.5,0.311,0,0.2,0,0.8,0.9,0.824,0.3,1.1,1.4,1.1,0.6,0.3,0.2,0.2,0.4,0.6,2.3,-1.2,6.4,0,0
0.304,23,2.3,5.6,0.404,0.7,2.2,0.292,0.6,0.9,0.662,0.7,1.4,2.1,0.7,0.9,0.5,0.3,0.3,1.3,0.8,5.8,-1.6,11,1,0
0.439,25,5.9,14,0.423,2.4,6.3,0.376,2.2,2.8,0.789,1.1,4.2,5.3,3,1.6,1.5,0.8,0.6,2.1,2,16.4,-1.6,32.3,7,0
0.4,29,4.5,10.3,0.431,0.1,0.6,0.15,2.3,2.9,0.794,2.1,4.7,6.8,1.3,1.3,0.6,0.5,0.7,2.8,2.8,11.3,-1.1,23.5,10,1
0.654,25,7.9,13.4,0.593,0,0.1,0,7,11.7,0.596,4,10.1,14.1,1.4,3.6,1.4,2.4,1,3.3,9.8,22.9,6.4,49.5,66,0
0.711,29,9.1,18.2,0.5,0.8,2.7,0.306,6.5,8.6,0.758,1.6,4.8,6.4,4.6,3.1,1.5,1.1,0.9,2.6,6.1,25.5,7.6,44.7,10,1
0.476,29,1.5,4.7,0.323,0,0,0,0.7,1.1,0.625,1.5,2.1,3.6,0.5,0.8,0.4,0.3,0.4,2.2,1,3.8,-1.6,10.1,0,0
0.404,35,2.7,6.2,0.443,0.5,1.2,0.38,1.2,1.4,0.841,0.3,0.7,1,2.5,0.9,0.7,0.1,0.3,0.8,1.3,7.2,0.7,13.3,0,0
0.667,23,1.6,3.8,0.43,0,0.1,0,0.6,1.1,0.574,0.9,1.5,2.4,0.2,0.7,0.2,0.4,0.4,1.1,0.8,3.9,-1.3,8.3,0,0
0.463,32,1.6,3.8,0.41,0.5,1.3,0.336,0.7,1,0.671,0.7,1.6,2.3,3.5,1.5,0.8,0.2,0.3,1.8,1,4.3,0.1,13.7,1,0
0.246,22,3.3,5.7,0.576,0,0,0,1.1,2,0.555,2.6,4.5,7.1,0.6,0.7,0.6,1,0.5,2.8,1.4,7.7,-5.2,21.3,13,0
0.696,33,2.3,5.7,0.399,1.2,3.1,0.389,0.7,0.7,0.95,0.2,1.5,1.6,1.1,0.5,0.6,0.1,0.2,1.2,0.4,6.5,1.9,11.5,0,0
0.452,34,0.8,2.3,0.361,0.4,1.1,0.324,0.2,0.4,0.545,0.5,1,1.4,0.6,0.4,0.4,0.2,0.1,1.7,0.7,2.2,0.3,6.1,0,0
0.483,24,1.7,3.8,0.437,0,0,0,0.7,1.1,0.656,1.4,1.7,3.1,0.7,0.8,0.4,1.5,0.2,2.5,1.4,4.1,1.8,13.6,0,0
0.506,32,6.2,12.1,0.512,0,0,0,2.6,3.4,0.78,2.9,5.4,8.3,1.5,1.2,1.1,1.3,0.6,3,2.8,15,1.7,33.3,24,0
0.597,28,4.2,7.3,0.573,0,0,0,2,3.6,0.562,3.2,6.3,9.5,0.6,1.7,0.6,1.8,0.9,3.2,2.9,10.3,2,27.9,23,0
0.395,21,2.5,6,0.424,0.4,1.4,0.276,1.2,1.6,0.744,0.8,1.9,2.8,3.6,2.4,1.1,0.3,0.4,1.6,1.5,6.7,-2.7,17.3,1,0
0.446,22,7.6,16.9,0.45,1.9,5.2,0.364,5.1,6.2,0.825,0.8,2.1,2.9,4.4,2.7,1.3,0.3,1.2,2.1,4.6,22.3,0,34.4,1,0
0.671,24,1.6,4.1,0.402,0.5,1.2,0.385,0.5,0.7,0.729,0.3,1.2,1.5,2.9,0.9,0.4,0.1,0.1,1.2,0.6,4.2,2.4,10.9,0,0
0.706,35,1,1.7,0.584,0,0,0,0.5,0.9,0.545,1,2.4,3.5,0.4,0.6,0.3,0.9,0.2,1.6,0.9,2.5,2.2,10.3,1,0
0.417,24,3.7,8.5,0.436,0.6,2,0.298,1.6,1.7,0.894,1.8,4.3,6.1,0.9,1.1,0.9,0.4,0.5,2.7,2.3,9.5,1,20.9,8,0
0.462,33,0.8,1.6,0.476,0,0,0,0.9,1.2,0.8,0.5,1.3,1.8,0.2,0.4,0.1,0.3,0.2,0.8,0.7,2.5,-2,5.6,0,0
0.513,22,2.9,6.8,0.425,0.2,0.6,0.318,1.3,1.6,0.808,0.5,3.4,3.9,2,1,0.6,0.2,0.6,1.8,1.3,7.2,-0.6,16.4,2,0
0.8,36,0.6,1,0.6,0,0,0,0.2,0.4,0.5,0.6,0.8,1.4,0,0.6,0,0,0,2,0.4,1.4,-4,2.5,0,0
0.548,35,0.9,1.8,0.478,0,0,0,0.4,0.5,0.839,0.6,1.3,1.9,0.5,0.5,0.3,0.2,0.1,1.4,0.6,2.2,-1,6.4,0,0
0.31,29,3.6,8.2,0.436,1.4,3.9,0.362,1.1,1.3,0.855,0.4,1.9,2.3,1.2,0.8,0.9,0.8,0.3,2.2,1.3,9.7,-2,18.6,1,0
1,22,0,0,0,0,0,0,0,0,0,0,0,0,0,0,0,0,0,1,0,0,-2,0,0,0
0.476,24,0.8,1.5,0.548,0,0,0,0.5,1,0.5,0.8,0.6,1.3,0.1,0.5,0,0.2,0.3,1,0.6,2.1,-0.8,4.2,0,0
0.5,25,0.8,2.8,0.294,0.4,1.5,0.27,0.3,0.7,0.412,0,0.9,1,1.3,1,0.5,0.3,0.2,1,0.5,2.4,-1.3,6.7,0,0
0.619,26,2,4.3,0.454,0.3,0.9,0.328,0.9,1.4,0.678,0.4,1.4,1.8,0.8,0.7,0.4,0.1,0.4,1.2,1,5.2,-0.5,9.2,0,0
0.738,26,3.6,7.9,0.451,1.6,3.9,0.419,1.1,1.3,0.808,0.3,2.2,2.5,1.2,1,0.3,0.1,0.2,1.9,1.1,9.8,1.1,14.7,0,0
0.737,25,3.8,8.3,0.453,1,2.7,0.377,3.1,3.6,0.863,0.3,2.3,2.6,2.5,1.3,0.9,0.3,0.5,2,2.9,11.6,3.7,20.7,0,0
0.426,23,3.8,8.4,0.454,0.1,0.5,0.194,1.9,2.4,0.785,0.7,2.3,3,1.5,0.9,0.7,0.5,0.5,1.7,2.3,9.6,-1.5,18.2,0,0
0.507,28,5.4,12,0.454,0.9,2.6,0.333,3.9,5.3,0.746,1.6,6.5,8,2.4,2.1,1.5,0.9,1.3,2.6,4.5,15.7,1.7,33.9,18,0
0.5,29,3.8,10.5,0.366,1.4,4.7,0.297,1.7,2.2,0.784,0.3,2.4,2.7,3.9,2.5,1.1,0.3,0.4,2.7,2.1,10.8,-0.2,21.4,3,0
0.692,25,4.6,10.3,0.448,0,0.2,0.133,2.5,3.4,0.736,1.3,4.2,5.4,1.2,1.1,1,0.4,0.8,3,3,11.7,1.8,23.1,5,0
0.529,25,2.7,6.3,0.435,0.8,2.2,0.361,1.2,1.9,0.624,0.5,1.5,2,2.9,1.7,0.7,0.1,0.4,1.8,2.2,7.5,-3,15.2,5,1
0.458,21,2,4.1,0.485,0.5,1,0.473,1,1.3,0.711,0.6,1.4,1.9,1.1,1,0.4,0.3,0.2,1.5,1.7,5.4,-2.7,10.5,0,0
0.488,38,5,10.3,0.484,0.6,1.4,0.395,2.7,3.2,0.829,1,3.3,4.2,2.5,1.7,0.8,0.4,0.5,2.3,3.1,13.2,0.6,24.1,4,0
0.375,21,3.8,6.9,0.551,0,0,0,1.8,2.9,0.622,3.1,4.4,7.5,1.3,1,1.2,0.6,0.9,2.5,2.3,9.4,-1.7,24.5,21,0
0.586,24,1.4,3.3,0.408,0.4,1.2,0.291,0.5,0.6,0.773,0.2,0.9,1,2.2,1,0.3,0.1,0.2,1.2,0.8,3.6,-0.9,8.2,0,0
0.488,28,2.9,5.6,0.511,0,0.1,0.091,2.7,3.7,0.721,1.1,2.6,3.7,0.9,1,0.4,0.1,0.4,1.3,2.8,8.4,-2.3,14.6,3,0
0.188,24,0.3,0.3,0.8,0,0,0,0.4,0.8,0.5,0.1,0.3,0.4,0,0.2,0.1,0.3,0,1.1,0.6,0.9,-2.1,2.5,0,0
0.581,26,1,1.9,0.517,0,0,0,0.5,0.7,0.652,0.8,1.4,2.2,0.2,0.4,0.1,0.4,0.3,0.9,0.5,2.4,1.5,6.4,1,0
0.489,24,0.4,0.9,0.425,0,0,0,0.4,0.7,0.543,0.5,1.1,1.6,0.1,0.4,0.2,0.3,0.2,1.6,0.7,1.1,-2.6,4.4,0,0
1,22,0,0,0,0,0,0,0,0,0,0,0,0,0,0,0,0,0,2,0,0,-4,0,0,0
0.593,32,4,8.9,0.446,1.6,3.8,0.41,1.3,1.9,0.679,0.6,3.8,4.4,4.2,1.6,0.9,0.4,0.2,3,1.6,10.8,3.7,24.7,6,1
0.525,23,1.7,3.9,0.441,1,2.5,0.386,0.5,0.7,0.705,0.3,1.7,2,0.6,0.6,0.3,0.1,0.2,1.3,0.5,4.9,1.4,8.8,0,0
0.283,26,0.7,1.4,0.487,0,0.1,0.5,0.3,0.6,0.485,0.8,1.7,2.5,0.3,0.5,0.3,0.4,0.2,1.6,0.9,1.7,-1.9,6.8,0,0
0.696,24,1,1.8,0.561,0,0,0,1.1,1.5,0.768,0.8,1.4,2.1,0.1,0.4,0.3,0.3,0.1,1.9,1.2,3.1,1.2,7,1,0
0.444,27,2.3,4.1,0.561,0,0,0,1.1,1.7,0.661,1.1,2.1,3.2,0.1,0.6,0.1,0.1,0.4,2,1.6,5.8,-1.9,9.6,1,0
0.8,33,0.3,1.1,0.238,0,0.4,0,0.2,0.4,0.5,0.3,0.7,1,0.7,0.3,0.4,0.1,0.2,0.7,0.3,0.7,-0.8,3.9,0,0
0.488,22,1,2.7,0.374,0.1,0.2,0.3,0.3,0.5,0.571,0.2,0.9,1.1,1.8,0.8,0.4,0,0.1,0.9,0.8,2.3,-1.1,7,0,0
0.691,27,3.5,8,0.439,0.8,2.3,0.349,1.6,1.9,0.847,0.4,1.6,2,3.9,1.7,0.4,0,0.5,1.7,2.4,9.5,1.9,17.2,3,0
0.778,33,0.7,1.2,0.591,0,0,0,0.5,1,0.5,0.9,2.4,3.4,0.2,0.3,0.2,0.1,0.1,1.4,0.8,1.9,0.7,7,0,0
0.526,31,4.8,11.5,0.421,1.6,4.6,0.341,2.9,3.4,0.854,0.3,1.4,1.7,3.2,1.9,0.8,0.2,0.5,1.3,2.2,14.2,0,21.9,0,0
0.339,31,1.7,4.2,0.407,0.6,2.1,0.309,0.3,0.3,0.882,0.4,2.4,2.8,0.9,0.4,0.5,0.6,0.1,1.1,0.3,4.3,-2.5,11.7,0,0
0.645,29,4.9,11,0.446,1.6,3.9,0.401,1.7,2.1,0.802,0.5,2.5,3,6,2.6,1,0,0.5,2.8,2.1,13.1,4.1,26.2,4,0
0.654,22,1.2,3.1,0.383,0.7,1.8,0.391,0.5,0.7,0.778,0.1,0.8,0.9,0.7,0.5,0.1,0.2,0.2,0.9,0.7,3.6,-1.9,6.3,0,0
0.671,21,3.6,8.3,0.436,1.4,4,0.349,3.5,4.2,0.843,0.5,2.6,3.1,2.1,1.3,1.1,0.3,0.6,2.5,3.1,12.2,2.5,22.1,0,0
0.395,24,2.8,6.2,0.456,0.2,0.9,0.235,1.2,1.9,0.662,1,2.8,3.7,2.3,1.7,0.9,1,0.4,2.5,1.2,7.1,-1.8,19,0,0
0.704,30,1.8,4.3,0.422,1.5,3.5,0.429,0.7,0.9,0.833,0.3,1.7,2,0.5,0.3,0.4,0.2,0,1.6,1,5.9,3,10.5,0,0
0.388,34,1.7,4.9,0.336,1.4,4.3,0.316,0.2,0.3,0.733,0.2,2.8,3,0.7,0.5,0.5,0.1,0,2.1,0.9,4.9,-0.6,10.9,0,0
0.488,25,3.7,7.7,0.477,1.3,3.1,0.415,2,2.7,0.743,1.4,2.5,3.9,1.3,0.9,1.1,0.2,0.4,1.7,2.1,10.6,-0.4,20.2,2,0
0.476,29,0.7,2,0.349,0,0.2,0.222,0.3,0.7,0.414,1.5,1.3,2.8,0.9,0.5,0.7,0.4,0.2,1.8,1,1.8,2.5,9.3,0,0
0.47,27,3.1,7.7,0.408,0.4,1.3,0.306,2.2,2.6,0.85,0.2,1.8,2.1,2.9,1.3,0.7,0.1,0.5,1.2,2.2,8.9,-2.1,16.6,0,0
0.393,32,0.2,0.8,0.286,0,0,0,0.3,0.4,0.7,0.5,0.4,0.9,0.1,0.3,0.1,0,0.2,1,0.8,0.7,0.2,2.1,0,0
0.551,32,0.7,1.4,0.479,0,0,1,0.6,0.8,0.659,0.6,1.5,2.1,0.4,0.5,0.2,0.2,0.2,2,1.4,2,1.8,5.7,0,0
0.375,30,0.3,1.2,0.25,0,0.3,0.125,0,0.1,0.5,0.1,0.3,0.5,0.2,0.1,0.1,0,0.1,0.2,0.1,0.7,1.5,1.8,0,0
0.7,38,2.7,7.5,0.361,1.7,4.9,0.34,0.8,1,0.87,0.4,4,4.4,8.2,2.2,1.7,0.4,0.2,1.5,1,7.9,2.1,29.3,9,2
0.298,28,1.6,3.3,0.492,0,0,0,0.9,1.7,0.515,1.2,1.9,3,0.3,0.8,0.4,0.4,0.5,1.6,1.5,4.2,-2.4,9.8,0,0
0.588,30,5.9,13.2,0.447,2.4,6,0.395,1.5,2,0.73,0.8,3.3,4.1,1.8,1.2,1.2,0.2,0.4,2,1.5,15.6,3.3,26.1,1,0
0.571,25,1.8,4,0.443,0,0,0,0.8,0.9,0.843,1.2,2,3.1,0.5,0.7,0.3,0.4,0.2,1.9,0.8,4.3,-0.1,10.3,0,0
0.695,33,6,13.3,0.451,1.5,4.3,0.362,2.2,2.6,0.85,0.3,1.6,1.9,4.1,2,1.1,0.2,0.6,1.7,2.2,15.8,4,26,1,0
0.32,24,3.6,7.1,0.507,0,0,0,1.6,2.7,0.605,1.9,4.1,6.1,1.2,1.3,0.4,0.6,0.6,2.8,2.5,8.8,-1.9,19.4,9,0
0.704,35,0.8,2.5,0.328,0.4,1.4,0.263,0,0,0,0.1,1,1.1,1.9,0.7,0.4,0,0,0.3,0.1,2,1.6,6.9,0,0
0.291,23,4.2,7.6,0.55,0,0,0,1.7,2.9,0.583,2.8,5.2,8,0.5,1.3,0.5,2.4,0.5,2.9,2.6,10.1,-2.9,28,21,1
0.231,28,1.6,4.8,0.325,0.5,1.7,0.289,0.3,0.5,0.75,0.3,1.6,1.8,0.8,0.6,0.3,0.1,0.3,1.3,0.6,4,-3.2,8.3,0,0
0.304,25,1,2.3,0.426,0,0,0,0.5,0.8,0.579,1,1.5,2.5,0.4,0.4,0.2,0.2,0.6,1.2,0.8,2.5,0.1,6.9,0,0
0.446,34,1.4,3,0.479,0,0.1,0,0.5,0.9,0.563,2.9,3.4,6.3,0.8,0.5,0.4,0.6,0.3,2.3,1.3,3.3,0.9,14.6,0,0
0.6,24,4.9,10.9,0.449,0.9,2.8,0.303,2.6,3.3,0.811,1,3.8,4.8,1.4,1.3,0.7,0.5,0.5,2.8,2.5,13.3,0,23.5,4,0
0.514,23,1.9,4.3,0.438,0.3,0.7,0.375,1.1,1.4,0.794,0.2,1.3,1.5,2,0.9,0.6,0.4,0.5,1.2,1.1,5.2,-0.9,11.9,0,0
0.449,23,1.6,2.3,0.661,0,0,0,0.5,0.8,0.703,0.7,1.2,2,0.5,0.4,0.3,0.3,0.1,1,0.7,3.6,-0.3,8.4,0,0
0.345,22,1,2.5,0.389,0,0.2,0.2,0.7,0.9,0.76,0.4,0.8,1.2,1.4,0.6,1.1,0.3,0.3,1.1,1.1,2.6,0.3,9.9,0,0
0.542,32,2.1,4.5,0.459,0,0,0,1.2,1.8,0.674,1,2.6,3.7,0.5,1.1,0.1,1.3,0.3,2.7,1.8,5.4,0.6,13.4,1,0
0.235,24,2.8,5.8,0.48,0.4,1.3,0.311,0.6,0.8,0.75,0.8,1.1,1.8,0.9,1.4,0.4,0.1,0.6,1.1,1,6.6,-2.9,10.5,0,0
0.714,36,0.4,1.7,0.25,0.1,0.6,0.25,0.7,1,0.714,0.1,0.9,1,0.4,0.3,0,0.3,0.3,0.4,0.6,1.7,-0.6,4.1,0,0
0.352,22,3.1,7.3,0.422,0.7,2.1,0.336,2.3,2.9,0.806,0.4,2,2.3,3.7,1.8,0.5,0.1,0.6,2.1,2.4,9.2,-4,17.6,2,0
0.238,22,5.4,11.7,0.458,0,0.1,0,3.1,4.6,0.673,2.7,6,8.7,1.1,2.2,0.6,0.7,1.4,2.7,3.2,13.8,-6.7,27.6,28,0
0.627,27,3.3,7.6,0.441,1.5,3.7,0.397,1.9,2.2,0.875,0.1,1.8,1.9,1.7,0.9,0.5,0.1,0.1,1.4,1.8,10.1,1.7,15.7,0,0
0.75,26,4.4,8.4,0.525,0,0,0,2.9,3.9,0.739,3.8,6.6,10.4,2.2,1.9,1,1.5,1,3.3,3.1,11.7,3.7,33.1,21,0
0.541,23,3.3,7.7,0.425,1.9,4.7,0.397,2.1,2.3,0.894,0.3,2,2.3,1.1,0.8,0.9,0.1,0.4,1.3,1.6,10.5,1.2,16.7,0,0
0.528,30,7.1,16.1,0.443,1.2,4.2,0.297,2.7,3.4,0.802,0.8,3.2,4,4.7,2,0.7,0.1,0.7,1.8,2.8,18.2,1.2,30.3,2,0
0.875,35,0.2,1,0.188,0,0,0,0.1,0.1,1,0.2,1.1,1.3,0.3,0.3,0,0.3,0.1,0.8,0.3,0.5,-0.6,2.9,0,0
0.733,28,0.7,1.3,0.535,0,0,0,0.6,1,0.644,1.4,2.2,3.5,0.3,0.5,0.1,1.2,0.2,2.6,0.9,2,1.6,10.4,0,0
0.5,31,0.7,1.2,0.568,0,0,0,0.4,0.8,0.519,1,3,4,0.4,0.8,0.1,0.4,0.2,2.2,1,1.8,-2.1,8,0,0
0.256,27,1.2,2.3,0.525,0,0,0,0.7,1.5,0.477,1.8,2.6,4.4,0.6,0.9,0.6,0.4,0.3,1.8,1,3.1,-0.3,11.3,4,0
0.231,29,2.1,4.6,0.458,0.2,0.8,0.3,0.7,0.9,0.806,0.2,1.9,2.2,0.5,0.7,0.2,0.2,0.2,1.9,1,5.2,-2,8.7,0,0
0.286,25,1.7,3.8,0.445,0,0.1,0,0.2,0.4,0.536,0.8,1.9,2.8,0.6,0.6,0.4,0.4,0,2.3,0.5,3.5,-2,9.8,0,0
0.5,28,0.5,1.5,0.333,0,0.5,0,0,1,0,0,0,0,0.5,0,0,0,0,0,0.5,1,-1.5,1.8,0,0
0.411,31,5.1,12.3,0.415,1.1,3,0.379,2.7,3.3,0.813,0.4,3.3,3.6,3.5,1.9,1,0.4,0.8,2.2,2.7,14,-0.8,25.8,1,0
0.275,20,5.8,14.1,0.409,0.5,1.7,0.296,4.4,5.7,0.766,0.5,4.1,4.6,8.3,3.8,1.8,0.5,1.2,2.5,4.7,16.4,-6.4,37.4,26,1
0.444,24,0.8,1.5,0.511,0,0,0,0.6,0.9,0.678,1.2,1.7,2.9,0.3,0.4,0.2,0,0.2,1.9,1.3,2.2,0.6,6.5,0,0
0.189,22,2,5.6,0.365,0.6,1.9,0.31,0.6,0.8,0.762,0.2,1.2,1.5,3.4,2.1,0.6,0.1,0.2,1.1,1,5.3,-3.4,12.1,0,0
0.405,22,4.6,11.9,0.384,0.8,3,0.258,1.7,2,0.869,0.7,1.8,2.5,2.8,2,0.9,0.1,0.5,1.5,1.5,11.7,-5.4,19.9,2,1
0.315,24,3.5,8.9,0.392,1.5,4.2,0.359,1.1,1.4,0.82,0.3,2,2.4,5,1.9,0.8,0.1,0.4,1.8,1.4,9.6,-2.4,20.9,8,0
0.528,23,2.4,4.9,0.491,0,0,0,0.8,1.2,0.706,1.8,2.5,4.3,0.4,0.9,0.2,0.7,0.3,2.2,1.1,5.6,-2.1,13.2,2,0
0.265,29,3.9,8.8,0.44,0.8,2.3,0.365,1.3,1.5,0.854,0.4,2.5,3,8.9,2.2,1.2,0.1,0.4,2.1,1.4,9.8,-2.5,28.5,12,0
0.426,28,2.2,4,0.565,0,0.3,0.063,0.5,1.1,0.492,1.3,1.6,2.9,0.8,0.8,0.6,0.4,0.4,1.3,0.9,5,-2.4,11.9,0,0
0.167,31,3.2,9,0.358,0.4,1.6,0.241,1.6,2.6,0.617,1,3.1,4.1,1.3,1.1,0.7,0.3,0.6,1.9,2.1,8.4,-4.8,17.3,0,0
0.472,24,2.9,5.4,0.547,0.3,0.8,0.383,1.2,1.7,0.739,1.5,3.8,5.3,2.1,1.3,0.7,0.8,0.5,2.3,1.4,7.4,0.8,19.9,3,0
0.537,28,1.7,3.9,0.452,0,0,0,0.7,0.8,0.8,0.9,1.6,2.5,0.4,1,0.1,0.1,0.3,1.4,0.8,4.1,-2.2,7.3,0,0
0.558,25,6.5,13.5,0.477,0.7,2,0.331,3,4.1,0.725,1.7,6.8,8.5,3.3,2.6,1.3,1.6,0.6,2.8,3.8,16.5,1,37.7,31,1
0.62,25,4.3,9.9,0.435,1.6,4,0.39,2.1,2.8,0.738,0.6,3.5,4.1,2.2,1.3,1.2,0.2,0.4,2.2,2.4,12.3,3.2,23.3,2,0
0.5,21,5.4,12.2,0.446,1,2.7,0.365,2.1,2.5,0.823,0.8,3.2,4,6.5,2.7,1.5,0.4,0.7,2.5,2.2,14,2.1,31.3,15,1
0.173,24,1.6,3.1,0.513,0,0.2,0.2,0.4,0.8,0.512,0.9,1.4,2.3,1.1,0.8,0.8,0.4,0.2,0.9,0.6,3.6,-0.5,10.6,0,0
0.754,38,1,2.2,0.44,0,0,0,0.5,0.6,0.829,0.6,1.5,2.1,0.4,0.4,0.2,0.1,0.1,1.1,0.6,2.4,0.4,5.9,0,0
0.756,31,1.5,3.7,0.404,1.1,2.9,0.38,0.3,0.4,0.656,0.2,1.6,1.8,1.2,0.5,0.5,0.1,0.1,1.4,0.6,4.4,2,9.6,0,0
0.724,26,2.3,4.5,0.515,0,0,0,1.4,2.5,0.556,2.1,5.9,8,0.9,1.9,0.3,0.9,0.7,3.1,1.8,6,3.3,18.6,1,0
0.646,33,3.9,7.5,0.511,0,0.2,0.222,0.9,1.5,0.583,1.4,4.8,6.2,2.3,1.2,0.9,0.7,0.4,2.8,1.1,8.6,4.3,23.1,3,0
0.667,22,9.1,19.7,0.462,1.9,5.3,0.35,7.6,8.7,0.88,0.7,6.1,6.8,2.7,2.8,1.1,1,0.6,2,5.3,27.7,3.4,43.5,14,0
0.69,35,6.1,11.6,0.528,0,0.1,0.2,2.6,3.1,0.862,1.2,7.7,8.9,2.4,1.6,1.3,0.8,0.3,2.1,3,14.9,7.8,34,28,0
0.233,22,6.6,14.1,0.47,1.2,2.9,0.417,5.8,6.8,0.85,4.5,10.7,15.2,2.5,2.1,0.6,0.4,1.3,2,5.8,20.2,-3.7,43.2,64,0
0.525,28,6.9,15.8,0.436,2.2,5.7,0.383,7.4,8.4,0.888,0.4,2.9,3.2,2.5,2.3,1,0.2,0.8,1.9,5.1,23.5,2,32.3,0,0
0.259,21,1.1,2.5,0.449,0,0,0,0.4,0.5,0.71,1.4,1.2,2.6,0.2,0.7,0.3,0.5,0.3,2.2,0.4,2.7,-3.4,7.7,0,0
0.438,31,2.6,6.5,0.397,1,2.9,0.346,1,1.2,0.83,0.2,1.3,1.5,3,1.1,0.7,0.1,0.2,1.5,1.5,7.1,0.9,14.5,2,0
0.333,30,3.9,8.7,0.446,1,2.6,0.399,1.5,1.8,0.841,0.3,2.2,2.5,4,1.7,1,0.2,0.4,2.6,1.8,10.2,-5.3,21.4,3,0
0.695,32,9,20,0.451,1.4,4.3,0.323,5.9,7.1,0.828,1,4.1,5.1,4.7,3,1.2,0.1,0.9,2.1,5.5,25.3,5.2,39.7,9,1
0.34,22,1.4,3,0.453,0,0,0,0.5,0.9,0.558,1.1,1.5,2.6,0.1,0.6,0.2,0.5,0.3,1.2,0.6,3.2,-1,8,0,0
0.311,26,4.1,7.9,0.527,0,0,0,1.7,2.6,0.665,3,7.4,10.4,1.1,1.4,0.4,1.1,0.6,2.3,3,10,-3.3,27.4,29,0
0.75,38,1.8,3.6,0.511,0,0,1,0.4,0.6,0.625,1.4,4.3,5.8,1.2,0.8,0.6,0.8,0.1,3.2,1.5,4.1,3,16.2,0,0
0.409,29,2.9,5.7,0.517,0,0,0,2.1,3.5,0.589,2.2,4.6,6.8,0.7,1,0.4,0.6,0.6,2.6,3.5,7.9,-3.5,19,8,0
0.756,30,3,6.8,0.434,1.5,3.5,0.415,0.9,1.1,0.885,0.1,1.7,1.8,1.5,0.7,0.4,0.2,0.1,1.9,0.8,8.3,3.7,14,0,0
0.533,25,4.6,10.8,0.426,1.7,4.6,0.376,2.6,3.3,0.765,1.2,2.9,4.1,6.7,2.1,1.4,0.3,0.6,2.8,3.5,13.5,4.1,31.3,10,1
0.2,25,1.8,5,0.36,0.6,1.4,0.429,1.4,1.6,0.875,0.4,1.6,2,1.4,1.4,0.4,0.4,0.4,0.6,1.4,5.6,0,11.1,0,0
0.547,24,0.8,1.9,0.44,0,0,0,0.3,0.9,0.391,0.6,1.4,2,0.3,0.5,0.1,0.3,0.2,1.7,0.7,2,0.7,5.6,0,0
0.695,31,5.8,10.9,0.53,0.8,2.2,0.382,2,3,0.675,2.1,6.5,8.7,3,1.7,0.6,0.7,0.5,2.4,2.5,14.4,4.6,31.6,28,0
0.593,25,8.7,17.5,0.5,0,0.3,0.174,4.3,5.5,0.791,3.4,5.3,8.8,2.1,1.9,1,1.2,0.7,2.7,4.9,21.8,3.5,40.1,36,0
0.25,20,1.1,3.3,0.333,0,0.4,0,0.9,1.2,0.786,0.1,1.4,1.5,1.8,1.3,0.3,0,0.4,1.2,0.8,3.1,-0.1,7.2,0,0
0.512,23,3.6,7.3,0.497,1,2.7,0.393,1.4,1.8,0.769,1.3,5.1,6.4,1.9,1.3,1,0.2,0.4,1.4,1.6,9.7,0.8,22.4,11,0
0.583,28,1.3,2.7,0.469,0.5,1.1,0.462,0.3,0.8,0.444,0.1,1.2,1.3,0.7,0.4,0.8,0.4,0,1.5,0.5,3.3,1.1,8.9,0,0
0.467,22,1.9,4.5,0.433,0,0,0,0.5,0.8,0.56,1,2,3,0.3,0.6,0.4,1.2,0.2,2,0.7,4.3,-2.4,12.4,1,0
0.238,24,1.3,3.7,0.357,0.4,1.4,0.283,0.8,1,0.786,0.5,1.1,1.7,0.7,0.5,0.3,0.2,0.3,1,0.8,3.8,-2.8,7.7,0,0
0.293,28,5.1,11.3,0.45,1.2,3.7,0.338,1.9,2.4,0.796,0.2,1.5,1.7,2.1,1.4,0.9,0.1,0.7,1.9,2.1,13.3,-2.5,19.8,0,0
0.722,26,9.6,18.8,0.51,1.2,3.5,0.33,6.4,8.4,0.759,1,6.5,7.5,7,3.6,1.6,0.6,0.5,2.1,5.9,26.7,7.8,49.2,31,4
0.333,27,2,4,0.496,0,0.1,0,1.3,2.4,0.556,0.8,1.3,2.1,0.2,0.4,0.3,0.1,0.6,1.5,2.1,5.3,-2.5,9.1,0,0
0.273,26,0.5,2.2,0.25,0.4,1.4,0.267,0.2,0.4,0.5,0.1,0.4,0.5,1.5,0.6,0.4,0.1,0,0.9,0.3,1.6,-1.4,5.2,0,0
0.308,26,4.6,10.4,0.438,1,3.4,0.298,1.1,1.7,0.631,0.9,3.6,4.5,1,1.7,0.5,0.2,0.4,2.5,1.3,11.2,-1.6,18.5,4,0
0.435,28,1.8,4,0.454,0,0,0,0.7,1.9,0.391,1.8,2.3,4,0.4,0.5,0.3,0.7,0.3,1.9,1.7,4.3,-1.9,12.3,0,0
0.52,24,4.3,10.6,0.406,1.2,3.4,0.348,3.9,4.7,0.823,0.4,1.6,2,3.4,1.4,0.6,0.2,0.7,1.7,3.4,13.7,1.2,22.3,0,0
0.43,24,2.5,5.4,0.463,0,0.1,0,1.7,2.4,0.707,2.1,3.2,5.3,0.9,1,0.9,0.4,0.5,2.3,1.9,6.7,-0.7,17.2,8,0
0.514,31,7.7,15.3,0.504,0,0,0,2.9,3.9,0.738,2,6.2,8.2,2.5,2,0.6,0.6,1,3.1,3.6,18.3,3.1,33.6,19,0
0.458,22,0.6,2.3,0.273,0.1,0.7,0.188,0.1,0.4,0.333,0.3,1,1.3,0.3,0.3,0.1,0.1,0.1,0.6,0.3,1.5,-1.3,3.5,1,0
0.592,23,1.6,4.2,0.383,0.3,1.3,0.242,0.4,0.5,0.731,0.8,2.1,2.9,0.6,0.3,0.3,0.3,0.3,1.6,0.5,3.9,-1.5,10,1,0
0.183,30,4.5,9.6,0.468,1.1,2.6,0.44,1.7,1.9,0.883,0.5,2.3,2.8,5.4,2.2,1.3,0.1,0.4,2.1,1.9,11.8,-3.5,25.3,3,0
0.722,31,0.7,2.1,0.328,0.1,0.6,0.235,0.1,0.2,0.7,0.2,1.1,1.2,1.1,0.6,0.2,0.1,0.1,0.7,0.3,1.7,0.6,5,0,0
0.756,26,6.5,14.1,0.46,1.4,4.1,0.345,3.1,4.1,0.753,1.4,4.4,5.8,2.8,1.9,1,0.6,0.7,2,3.4,17.4,6.4,31.3,8,0
0.222,28,1.9,4.6,0.415,0.7,1.8,0.391,1.1,1.4,0.78,0.4,1.2,1.7,1.9,0.9,0.3,0.3,0.3,1.2,1,5.6,-3,11.2,0,0
0.5,33,0.6,1.7,0.355,0,0,0,0.1,0.1,0.5,0.7,1.1,1.8,0.2,0.2,0.1,0.2,0.1,1.7,0.3,1.3,-3.1,4.4,0,0
0.13,21,2,5.4,0.374,0.6,1.7,0.37,1.3,1.7,0.763,0.7,1.9,2.6,1.6,1.2,0.6,0.1,0.5,1.2,1.3,5.9,-4.4,12.4,1,0
0.763,33,5.5,12.7,0.433,1.9,5.5,0.349,4.5,5.1,0.871,0.5,3.2,3.7,4.9,2.2,1.5,0.4,0.6,2,4.8,17.4,6.8,32.7,0,0
0.568,26,4.5,8.5,0.527,0,0.1,0.429,2.7,3.6,0.748,1.9,5.1,7,2.5,1.8,0.9,1.7,0.7,3.3,4.2,11.7,1.7,29.8,14,0
0.538,27,4.2,7.5,0.561,0,0.1,0.25,1.8,2.4,0.725,1.9,6,7.9,0.9,1,0.5,1.1,0.7,2.4,2.3,10.2,0.3,24.7,24,0
0.55,25,3.8,8.6,0.437,1.7,4.1,0.414,1.2,1.6,0.784,0.2,1.7,1.9,1.2,1,0.5,0.1,0.3,1.8,1.6,10.5,1.1,15.1,0,0
0.333,29,0,0.7,0,0,0,0,2,2.7,0.75,0,0.3,0.3,1,0.7,0.3,0,0,1.3,1.7,2,3,4.2,0,0
0.542,37,2,5,0.398,0,0,0,0.7,1.2,0.614,3.1,7.2,10.3,2.1,1.1,0.7,1.6,0.1,2.4,1.5,4.7,0.5,25.8,8,0
0.5,24,0.5,0.8,0.667,0,0,0,0,0,0,0,0.8,0.8,0,0.3,0,0.3,0,0.3,0,1,-4.3,2.4,0,0
0.507,24,4.8,11.1,0.434,1.2,3.3,0.367,2,2.5,0.788,0.8,2.7,3.5,1.8,1.3,0.9,0.1,0.7,1.5,1.9,12.8,-1.6,21.5,2,0
0.743,25,2.2,5.5,0.399,1.2,3.3,0.359,0.8,0.9,0.871,0.2,1.9,2.1,2.5,1.3,1.1,0.1,0.2,2.3,1.1,6.4,3.7,14.9,0,0
0.167,27,1.5,3.5,0.429,0.2,0.7,0.25,0.5,0.8,0.6,0.3,1.5,1.8,1.7,0.3,1.2,0,0.3,2.2,1.3,3.7,-1.2,11.5,0,0
0.755,30,2.3,4.7,0.491,0.1,0.4,0.19,0.8,1.2,0.684,0.5,1.8,2.3,1.3,0.8,0.8,0.4,0.4,1.3,1.2,5.5,0,13.2,0,0
0.516,23,2.3,4.5,0.495,0,0.1,0.25,0.9,1.1,0.753,1,2.3,3.3,0.5,0.6,0.1,0.3,0.3,1.9,1.1,5.4,0.8,10.7,0,0
0.152,24,3.3,7.4,0.447,1.2,2.9,0.417,2,2.7,0.77,0.8,2.4,3.2,1.2,1.3,0.6,0.2,0.4,2.2,2.3,9.8,-5.5,16.6,0,0
0.523,25,3.8,8.3,0.458,0.6,1.7,0.336,2.3,2.7,0.845,1,3.8,4.8,1.4,1,0.5,0.4,0.5,1.6,2,10.4,-0.6,19.9,3,0
0.679,31,2.5,5.3,0.47,0.6,2,0.318,1.1,1.5,0.779,1.4,2.9,4.3,1.3,1.1,0.7,0.4,0.3,2.4,1.3,6.7,0.4,16.2,2,0
0.727,31,2.6,5.6,0.464,1.6,3.5,0.457,0.5,0.7,0.744,0.9,2.7,3.6,0.9,0.4,0.4,0.3,0.1,1.7,0.6,7.3,3.9,14.7,1,0
0.444,30,1.6,3.7,0.447,0.3,0.9,0.37,0.7,1,0.769,0.2,1,1.3,0.4,0.4,0.3,0.1,0.3,0.8,0.8,4.4,-1.2,7.4,0,0
0.25,27,1.5,2.8,0.545,0.8,1,0.75,0,0,0,0,0.5,0.5,0.3,1,0.3,0,0,1,0.5,3.8,-1.5,4.5,0,0
0.493,32,2.4,5.8,0.417,0.8,2.3,0.329,0.7,0.8,0.897,0.7,1.4,2.1,0.6,0.5,0.5,0.2,0.4,1.8,0.7,6.3,-3.6,11.3,0,0
0.385,32,1.7,4.8,0.355,0.4,1.2,0.313,1.2,1.5,0.75,0.7,1.6,2.3,1.5,0.5,0.3,0.3,0.2,1.4,0.9,4.9,-2.5,11.2,0,0
0.6,33,0.9,1.7,0.549,0,0,0,0.4,0.7,0.619,0.9,1.6,2.5,0.5,0.5,0.1,0.4,0.2,1.7,0.7,2.3,0.3,7,0,0
0.695,31,3.2,8,0.397,1,2.8,0.356,1.1,1.7,0.676,1.2,2,3.3,2.1,1.1,1.5,0.4,0.5,2.2,1.7,8.5,5.2,20.4,0,0
0.192,22,7.7,17.1,0.45,0.8,2.2,0.366,3,4,0.753,1.6,4,5.6,2.2,2.7,0.7,0.7,1.1,3,3,19.2,-3.8,30.8,8,0
0.6,31,1.8,4.5,0.4,0.4,1.7,0.235,0.4,0.4,1,0,0.8,0.8,1.2,0.4,0.2,0.1,0,0.4,0.2,4.4,1,7.7,0,0
0.579,29,2.5,6.4,0.392,1.5,4.1,0.36,0.7,1,0.684,0.3,1.9,2.2,0.6,0.7,0.5,0.4,0.2,1.8,1,7.2,-0.4,12.7,0,0
0.613,33,3.1,7.2,0.431,1.9,4.4,0.44,0.5,0.8,0.629,0.2,2.2,2.4,3.3,1.3,0.6,0.1,0.1,2.2,1.2,8.6,2.3,17.4,0,0
0.568,23,5.2,11.8,0.444,1,2.7,0.369,2.2,3,0.733,0.4,2.7,3,6.5,2.2,1.8,0.2,0.9,2.2,2.8,13.7,3.7,30.9,7,0
0.459,30,3.9,8.5,0.462,1.7,4.2,0.402,1.6,2,0.8,0.5,4.1,4.5,1.7,1.1,0.7,0.5,0.2,1.8,1.8,11.2,1.4,21.5,1,0
0.75,28,0.8,1.5,0.5,0,0,0,0.5,1,0.5,0.5,0.8,1.3,0.3,0.3,0,0.3,0.5,0.5,0.8,2,4.5,4.4,0,0
0.659,31,2,4.9,0.401,1,2.9,0.364,0.6,0.8,0.676,0.9,3.6,4.5,1.2,1,0.5,0,0.2,2.1,0.9,5.6,-0.8,13.4,3,0
0.328,28,5,12.6,0.399,1.4,4.2,0.324,2.6,3.1,0.853,0.4,2.3,2.6,6.6,2.9,0.9,0.2,0.5,2.6,2.4,14,-5.7,27.3,12,0
0.438,25,9.1,20.1,0.451,1.7,4.7,0.361,4.3,5.4,0.789,0.6,3,3.5,5.6,3.2,2.1,0.3,0.7,2.5,4.8,24.1,-2.9,40.8,10,0
0.5,33,0.5,1.3,0.4,0,0.3,0,0,0,0,0,0.8,0.8,0.3,0,0,0,0,1.3,0,1,2,2.3,0,0
0.227,26,1,2.7,0.356,0,0.5,0.1,0.4,0.7,0.533,0.3,0.7,1,1.1,0.8,0.2,0.1,0.1,0.7,0.5,2.3,-0.3,5.5,0,0
0.746,27,2.5,6.4,0.399,1.1,3.4,0.325,0.6,0.7,0.818,0.3,1.3,1.5,1.9,1.2,0.5,0.1,0.1,1.9,1.2,6.8,0.6,12,1,0
0.533,33,3.1,6,0.522,0,0,0,0.9,1.5,0.598,1.9,3,4.9,0.3,0.9,0.4,0.7,0.6,2.5,1.3,7.1,0.2,16,3,0
0.62,27,3.3,6.4,0.511,0,0,0,1.6,2.1,0.774,1.7,3,4.7,0.4,0.8,0.4,0.4,0.5,2.6,1.7,8.1,0.5,15.7,3,0
0.613,28,5.4,8.7,0.615,0,0.1,0.2,3.8,5.4,0.711,1.9,5.7,7.6,2,1.8,1.1,1,0.7,3.2,4.4,14.5,4.3,31.2,14,0
0.676,30,1.9,3.4,0.566,0,0,0,0.8,1,0.753,1.7,2.8,4.5,1,0.8,0.6,0.4,0.4,3,1.7,4.6,4.4,13.7,1,0
0.219,26,6.4,14.6,0.441,1.6,4.2,0.387,2.9,3.6,0.816,0.4,2.3,2.7,1.2,1.4,0.7,0.3,0.5,2.3,2.7,17.4,-4.4,23.9,0,0
0.588,22,4.6,10.1,0.455,1.5,4.3,0.345,1.7,2.1,0.841,1.4,3.2,4.5,1.5,1,0.9,0.6,0.5,2.4,2.4,12.4,0.6,23.4,6,0
0.231,25,2.1,4,0.517,0,0,0,1.3,1.8,0.763,1.4,1.6,3,0.4,1.4,0.3,0.5,0.5,2.8,1.6,5.5,-3.3,10.8,1,0
0.521,23,4.3,10.5,0.407,1.4,3.7,0.364,1.4,1.8,0.756,0.5,1.9,2.4,2,1.4,1,0.4,0.6,1.8,1.4,11.3,1.7,20,0,0
0.756,24,1,1.7,0.553,0,0,0,0.9,1.8,0.503,1.4,2.4,3.7,0.4,0.8,0.2,0.7,0.3,1.9,1.4,2.8,2.9,9.9,1,0
0.239,23,3.2,7.7,0.412,1.3,3.5,0.372,1,1.4,0.673,1,3.3,4.3,1,1,0.8,0.2,0.3,1.6,1.3,8.6,-1.9,17.2,4,0
0,29,0.3,0.7,0.5,0,0,0,0.3,0.7,0.5,0,0,0,0.3,0,0.3,0,0.3,0,0.3,1,1.7,2.5,0,0
0.471,25,1.8,3.8,0.477,0.1,0.2,0.25,1.8,2.7,0.652,1.5,2.5,3.9,1.2,0.8,1,0,0.6,1.9,2.2,5.5,1,14.1,1,0
0,23,0.7,2,0.333,0,0.3,0,1,1,1,0.7,0.3,1,0.7,1,0.3,0,0.7,0.3,1,2.3,-2.3,4.5,0,0
0.429,27,0,0.7,0,0,0.3,0,0.4,0.6,0.75,0.1,0.1,0.3,0.3,0.1,0,0.1,0.1,0.1,0.3,0.4,-0.6,1.5,0,0
0.558,22,2.9,5.1,0.558,0,0,0,0.6,0.8,0.714,1.7,2.2,3.8,0.8,0.6,0.3,0.7,0.2,1.5,0.7,6.3,0.2,14.6,4,0
0.625,22,2.1,5.1,0.412,0.7,2.1,0.353,0.6,0.7,0.766,0.3,0.5,0.8,1.7,1,0.4,0,0.3,1,1.1,5.5,-1.5,9.4,0,0
0.695,30,7.2,13.7,0.529,0,0,0.333,4.3,5.2,0.823,3.3,6.9,10.2,3.3,1.7,0.6,1.6,1,2.5,4.4,18.8,6.5,40.8,43,1
0.475,21,2.9,6.5,0.453,0.7,2.3,0.297,1.3,1.7,0.762,0.6,3.1,3.7,1.1,1.1,1,0.4,0.5,2.1,1.2,7.8,-0.1,17,0,0
0.474,26,6.9,13,0.531,0.1,0.3,0.391,3.4,4.4,0.757,2.2,5.5,7.6,2.5,1.9,1.4,0.9,0.9,3.6,3.5,17.3,0.2,35,19,0
0.688,33,6.3,12.8,0.497,1.4,3.7,0.374,4.8,5.6,0.86,0.4,5,5.4,3.3,2.1,1,0.6,0.6,2.9,4.4,18.9,7.4,33,7,1
0.758,34,3,6.9,0.441,1.7,4.1,0.419,0.7,0.8,0.92,0.4,1.8,2.3,0.9,0.5,0.4,0.1,0.2,0.7,0.5,8.5,3.8,13.4,0,0
0.258,27,1.7,4.2,0.409,0.1,0.5,0.2,0.6,0.7,0.902,0.1,1,1.1,2.6,0.8,0.5,0,0.2,0.9,0.8,4.1,-1.4,10.1,0,0
0.857,27,0.1,0.4,0.333,0,0,0,0,0,0,0.4,1.1,1.6,0.3,0.3,0,0,0,1.6,0,0.3,-2.3,2.3,0,0
0.649,31,1.5,4.5,0.341,0.7,2.6,0.288,0.6,0.8,0.75,0.7,2.4,3.1,0.7,0.6,0.4,0.1,0.2,1.3,0.9,4.4,1.2,10.1,0,0
0.53,23,1.1,2.7,0.406,0.3,0.8,0.36,0.4,0.5,0.706,0.3,1,1.3,0.4,0.2,0.3,0.2,0.2,1,0.4,2.8,-1.1,6.1,0,0
0.194,30,0.7,1.6,0.441,0,0.1,0,0.1,0.4,0.357,0.3,0.6,0.8,0.3,0.2,0.1,0.2,0.1,1.1,0.5,1.6,0.4,3.6,0,0
0.5,34,2.8,6.9,0.409,1,2.8,0.352,1.3,1.5,0.892,0.5,2.1,2.6,1.7,0.9,0.8,0.2,0.3,2.5,1.9,8,-3.1,15.8,0,0
0.691,25,4.7,9.9,0.475,0.1,0.6,0.233,1.1,1.9,0.568,1.3,3.1,4.4,11.2,3.4,2.3,0.2,0.8,1.8,2.3,10.6,6.5,36.4,31,3
0.235,25,4.5,9.6,0.466,0,0.2,0.2,4.3,5.2,0.823,0.6,2.6,3.1,5.2,2.2,0.7,0.1,0.8,1.1,3.9,13.3,-6.1,25.1,7,0
0.444,27,3.3,8.4,0.388,1.1,3.4,0.327,2.1,2.4,0.893,0.2,1.4,1.6,2.7,1.5,0.7,0.3,0.4,1.9,1.6,9.8,-3.1,17.5,0,0
0.421,31,4.4,10.2,0.433,1.5,4.3,0.357,1.4,1.7,0.802,1.2,3.8,5.1,1.6,1.5,0.9,0.5,0.3,2.8,1.8,11.7,-1.2,23,6,0
0.362,32,1.7,5,0.333,1,2.9,0.338,0.4,0.6,0.667,0.2,1.4,1.6,0.6,0.5,0.2,0.3,0.2,0.8,0.3,4.7,-1.9,8.5,0,0
0.688,35,6,12.2,0.491,2.1,4.7,0.444,2.4,2.7,0.881,0.6,2.8,3.4,2.7,1.5,1,0.2,0.4,1.8,1.9,16.5,5.7,26.8,0,0
0.587,27,5.7,13.4,0.425,1.5,4.4,0.353,2.6,3.2,0.805,0.6,2.9,3.6,8.3,2.9,1.7,0.1,0.5,2,2.7,15.5,1.8,34.8,27,1
0.367,31,1.4,3.4,0.408,0,0,0,1.6,2.9,0.545,4,7.5,11.5,1.3,1.3,1,0.2,0.7,3,3.2,4.4,-5.9,22.3,2,0
0.45,24,3.4,7.2,0.469,1.3,3,0.423,1.3,1.7,0.746,0.6,2.1,2.7,1.5,0.7,0.4,0,0.3,1.6,1.5,9.2,-0.8,15.2,0,0
0.75,26,0.8,1.6,0.462,0.1,0.3,0.5,0.4,0.5,0.75,0.3,0.6,0.9,0.3,0.1,0.5,0.3,0.3,1.9,0.4,2,0.4,5.6,0,0
0.345,33,5.2,12.2,0.429,1,2.6,0.382,2.7,3.1,0.849,0.4,1.9,2.3,3.1,1.6,0.7,0.1,0.4,1.7,2.1,14.1,-2.6,22.3,0,0
0.741,31,3.8,7.9,0.474,1.7,3.8,0.44,1.8,2.4,0.759,0.7,3.2,3.8,1.3,1.1,0.5,0.4,0.3,2,2,11,3.6,19.1,1,0
0.493,23,2.7,5.3,0.501,0,0,0,1.1,1.5,0.74,1.2,2,3.2,0.1,0.7,0.3,0.7,0.6,2.1,1.4,6.4,-0.7,12.6,2,0
0.481,27,1.7,4.1,0.418,0.6,1.4,0.447,0.7,1,0.667,0.5,1.3,1.8,0.4,0.6,0.4,0.2,0.1,1.2,0.7,4.7,-3.1,8.7,0,0
0.357,25,5.2,11.8,0.439,0.4,1.3,0.289,4.7,5.4,0.866,1,2.1,3.1,5.2,2.2,1.1,0.1,1.1,2.5,3.8,15.5,-1.2,28.4,7,0
0.679,23,3.4,8,0.422,0.9,3,0.301,0.8,1.1,0.767,0.3,1.6,1.9,2.3,1.7,0.7,0.3,0.6,2.7,1.3,8.4,-0.6,15.4,0,0
0.385,30,1,3,0.338,0.6,1.7,0.364,0.3,0.4,0.7,0.2,1.5,1.7,0.8,0.2,0.2,0.1,0.1,1,0.3,2.9,-2.2,6.7,0,0
0,30,0.3,1.3,0.25,0,0.3,0,0,0,0,0,1,1,0.3,0,0,0,0.3,0.7,0,0.7,-1.7,2.4,0,0
0.753,26,2.5,5.3,0.48,0.1,0.3,0.222,1.1,1.6,0.654,0.7,2.6,3.2,1.7,0.7,1.3,0.3,0.3,1,1.4,6.2,3,16.7,0,0
0.525,28,1.3,3.6,0.352,0.3,1.2,0.29,0.5,0.7,0.744,0.4,0.7,1,0.9,0.9,0.7,0.1,0.2,1.8,1,3.3,0.2,7.5,0,0
0.5,28,1.6,2.5,0.632,0,0,0,1,1.5,0.622,1,2.2,3.2,1.4,0.6,0.5,1.1,0.3,2.5,1.4,4.2,-0.2,14.6,2,0
0.457,24,5.1,11,0.461,0,0,0,2.5,3.4,0.745,2.2,5.3,7.5,2,2.3,0.4,1.8,0.9,3.2,3.5,12.7,-0.4,29,21,0
0.8,29,0.6,1.5,0.421,0.3,0.6,0.438,0.1,0.1,1,0.1,0.6,0.6,0.3,0.2,0.2,0,0,0.7,0.2,1.6,-1.3,3.5,0,0
0.59,26,2.7,7.4,0.37,1.5,4.6,0.321,1.6,1.9,0.863,0.5,1.7,2.2,2.5,1.1,1.1,0.2,0.2,1.7,1.8,8.6,1.2,17.7,0,0
0.556,24,7.6,16.1,0.471,1.1,2.7,0.396,3.6,4.5,0.805,1.5,4.7,6.2,2.8,2.5,1.7,1.1,0.8,2.4,3.1,19.8,2.5,37.3,4,0
0.671,22,7.5,17,0.442,0.4,1.3,0.33,6.5,7.7,0.842,1.5,3.1,4.6,8.2,3.9,1.9,0.4,1.3,2.5,5.2,21.9,1.4,42.6,31,3
0.672,23,3.5,8.2,0.43,2.1,5.3,0.393,1.5,1.8,0.812,2,3.5,5.5,0.8,0.8,0.5,0.6,0.4,2.1,1.5,10.6,4.3,20.9,6,0
0.382,28,2.7,6.6,0.41,0.9,2.8,0.341,0.8,1.1,0.718,0.8,2.5,3.3,1.6,0.7,0.8,0.2,0.1,2.1,0.8,7.2,-1.5,15.7,1,0
0.243,26,1.9,3.1,0.598,0,0,0,1.6,2.3,0.681,1,1.7,2.7,0.4,1,0.3,0.6,0.4,2.8,2.3,5.3,-1.8,10.9,0,0
0.564,26,3,6.3,0.472,0.2,0.6,0.34,1.1,1.5,0.767,0.5,1.9,2.4,0.9,0.8,0.9,0.3,0.7,1.5,1.2,7.3,1,14.3,0,0
0.108,22,3,6.5,0.456,0,0.1,0,1.8,3,0.618,2,2.2,4.3,0.5,1.4,0.4,0.5,0.9,2.4,2.8,7.8,-3.8,14.8,2,0
0.275,31,3.4,7.1,0.473,0,0,0,1.4,1.9,0.73,2.7,5.6,8.2,0.8,1.7,0.5,1.5,0.4,2.8,1.6,8.1,-3.2,23.2,16,0
0.419,27,0.9,2.3,0.403,0.4,1,0.387,0.2,0.3,0.6,0,1,1,0.5,0.4,0.3,0.2,0.1,1.1,0.4,2.5,-2.5,5.7,0,0
0.388,27,3.6,8.9,0.402,1.4,3.9,0.37,1.2,1.4,0.844,0.4,2.3,2.8,2,1,0.8,0.1,0.4,2,1.4,9.8,-4.1,17.7,1,0
0.517,35,0.7,1.5,0.432,0.1,0.1,1,0.2,0.3,0.625,0.6,0.8,1.4,0.1,0.4,0.1,0.2,0,1.5,0.2,1.6,-2.5,3.9,0,0
0.297,26,2.6,6.5,0.402,0.8,2.1,0.359,1.2,1.6,0.733,0.5,1,1.5,3,1.7,0.7,0.1,0.5,1.7,1.5,7.2,-2.4,14,0,0
0.756,24,1.5,2.7,0.559,0,0,0,1,1.5,0.65,0.9,2,2.9,0.5,0.8,0.4,0.6,0.4,2.5,1.3,4,-0.8,10.2,0,0
0.671,21,4.1,7.5,0.543,0,0,0,1.7,2.2,0.75,2.6,5,7.6,0.3,0.9,0.4,2.4,0.4,3.3,1.8,9.9,1.7,26.9,12,0
0.512,32,2.8,6.2,0.45,1.2,3.3,0.382,0.8,1.1,0.688,1.1,3.5,4.5,2.3,1,0.8,1,0.2,1.9,1.6,7.6,2.3,21,3,0
0.695,25,3.3,7.8,0.425,0.9,2.6,0.349,1.1,1.2,0.911,0.4,1.5,1.9,1.2,0.9,0.8,0.2,0.4,1.5,0.9,8.7,1.4,14.9,0,0
0.757,39,3.6,5.4,0.667,0,0,0,2,3.5,0.557,1.3,3.5,4.8,0.7,1.5,0.4,1.1,0.4,3.2,2.7,9.2,5.2,19.2,3,0
0.425,25,2.5,5.4,0.466,0,0.1,0.25,1.5,1.7,0.864,0.4,1.6,2,2.2,1.2,0.6,0.4,0.2,1.5,1.5,6.6,-1,14.3,0,0
0.7,33,5.4,10.4,0.52,0.1,0.4,0.152,1.6,2.1,0.768,2.1,4.8,6.9,1.4,1.6,0.9,0.6,0.6,1.8,1.5,12.5,-0.1,25.6,12,0
0.516,25,2.6,6,0.426,1.3,3.3,0.401,0.6,0.8,0.837,0.9,2.8,3.7,0.7,0.7,0.6,0.8,0.3,2.6,0.8,7.1,0.1,16.2,1,0
0.644,27,1.7,3.7,0.468,0,0,0,1,1.3,0.773,1.6,3.1,4.6,0.5,0.7,0.4,0.4,0.4,2.1,1.4,4.5,-0.6,12.6,0,0
0.4,24,0.4,1.3,0.28,0.1,0.5,0.2,0.1,0.1,1,0,0.3,0.3,0.4,0.2,0.1,0,0.1,0.1,0.2,0.9,-0.8,1.9,0,0
0.083,23,0.3,1.3,0.2,0,0,0,0,0.2,0,0.6,0.6,1.2,0.2,0.3,0.2,0.2,0.3,0.4,0.1,0.5,-1.1,2.9,0,0
0.385,26,1.3,3.1,0.405,0,0,0,1.1,1.6,0.661,1.2,1.7,2.9,0.8,0.9,0.3,0.6,0.4,2.4,1.4,3.6,-1.5,9.9,0,0
0.288,24,3.9,8.7,0.444,0.3,1,0.279,1.2,1.6,0.766,0.7,1.9,2.6,1.8,1.5,0.6,0,0.6,1.5,1.1,9.2,-5.8,15.4,0,0
0.506,23,3.3,7,0.465,0.1,0.5,0.243,0.6,1.1,0.534,1.6,4.1,5.7,1.5,1.2,0.4,0.9,0.5,2.5,1.1,7.2,-0.7,18.8,7,0
0.446,23,6.8,14.2,0.48,2,4.6,0.442,2.9,3.1,0.934,0.7,3.2,3.9,5.8,3.1,1.5,0.3,0.5,3.1,2.6,18.6,-0.2,34.1,5,0
0.322,29,1.4,3.4,0.405,0.1,0.4,0.238,0.5,0.6,0.816,0.3,1.8,2.1,0.7,0.6,0.2,0,0.1,1.8,0.7,3.4,-5,7,0,0
0.448,33,6.5,15.8,0.411,1.8,5.4,0.337,3.7,4.6,0.816,0.8,3.7,4.5,3.6,3.1,1.2,0.4,1.2,2.4,3.4,18.5,-3.8,31.1,3,1
0.696,31,1.4,3.9,0.359,0.9,2.4,0.378,0.3,0.4,0.867,0.2,1.7,2,2.2,0.9,0.5,0,0.1,1.3,0.6,4,1,10.3,0,0
0.52,37,5.3,10.8,0.492,1.1,2.7,0.395,3,3.3,0.912,0.5,2.9,3.5,11.4,3.5,0.6,0.1,0.2,1.2,3,14.7,3.8,34.6,41,0
0.6,28,1.2,2.2,0.522,0.9,1.5,0.565,0.3,0.3,1,0.1,0.8,0.9,0.1,0.1,0,0.2,0,0.5,0.2,3.5,-1.3,5.2,0,0
0.375,25,1.8,4.4,0.4,0.4,1.6,0.237,0.8,1.5,0.5,0.5,1,1.6,1.8,1.1,0.7,0,0.3,1,1.3,4.6,-1.5,10.2,0,0
0.415,28,2.2,5.8,0.386,0.1,0.8,0.188,0.9,1.2,0.729,0.4,1.6,2,3.4,1.5,0.9,0.2,0.4,1.7,1.4,5.4,-0.3,14.6,0,0
0.75,26,2.9,6.3,0.466,0,0.1,0.125,1.3,1.9,0.676,2,3.7,5.7,0.7,0.9,0.5,1.3,0.6,2.5,1.5,7.1,3.2,19.6,6,0
0.372,31,6.1,12.8,0.473,0.4,1.3,0.347,1.5,2.2,0.702,1,3.2,4.2,2.8,1.1,0.4,0.5,0.4,1.2,2,14.1,-1.7,25,4,0
0.333,24,2,5.5,0.374,0.3,1,0.273,0.7,1,0.667,0.2,2.2,2.4,1.8,1.6,0.4,0,0.3,1.2,0.9,5,-3.5,10.4,0,0
0.671,27,2,4.2,0.471,0.4,1.3,0.275,0.7,1,0.747,0.8,3.6,4.4,1.4,0.7,1.2,0.5,0.3,2.2,0.8,5.1,1.3,16.9,2,0
0.5,23,5.6,10.3,0.541,0.1,0.3,0.273,1.5,2.1,0.707,1.9,3.4,5.3,1,1.2,1.1,0.3,0.5,2.1,2.1,12.7,2,23.6,2,0
1,38,0.1,0.6,0.167,0,0,0,0,0.2,0,0.6,0.7,1.3,0.3,0.3,0.2,0.5,0.1,0.7,0.6,0.2,-2.7,4,0,0
0.717,26,1.7,3.2,0.529,0,0,0,1.3,2.3,0.543,1.2,2.2,3.4,0.4,0.5,0.5,0.3,0.4,1.5,2.1,4.6,-0.4,11.1,1,0
0.789,35,5.5,11,0.5,0,0.1,0,2.4,3.4,0.716,2.2,6.7,8.9,2.7,1.6,0.7,1.9,0.6,1.6,2.5,13.4,6,34.3,27,1
0.6,24,1.4,3,0.474,0,0,0,0.8,1.2,0.712,1,1.7,2.7,0.3,0.8,0.3,0.6,0.3,1.9,1,3.6,-0.9,9.2,1,0
0.506,25,3.9,9.3,0.416,1.8,4.7,0.373,1,1.3,0.794,0.8,2.2,3,3,1.1,1.1,0,0.3,2.2,1.2,10.6,1.4,21,3,0
0.556,29,3.5,6.8,0.51,0.1,0.3,0.174,1.9,2.5,0.753,1,1.7,2.7,1.4,1.2,1.8,0.6,0.5,2.2,1.9,8.9,0.7,20.3,1,0
0.368,35,1.2,2.5,0.469,0.1,0.1,0.667,0.2,0.4,0.571,0.4,2.2,2.6,0.3,0.3,0.1,0.4,0,1.6,0.4,2.6,-0.8,7.5,0,0
0.769,29,7.1,13.7,0.519,0.3,0.9,0.357,3,3.9,0.769,0.4,2.7,3.1,6.6,2.6,1.2,0,1,1.7,3.1,17.5,3.9,32.1,9,0
0.347,32,3.2,7.1,0.442,0.4,1.2,0.341,1.3,1.8,0.698,0.7,2.8,3.5,3.5,1.4,0.9,0.5,0.3,1.4,1.8,8,-1.2,20.2,3,0
0.293,26,3.3,8.9,0.375,0.9,3.1,0.302,1.6,2.1,0.772,0.7,3.3,4,1,0.9,0.4,0.4,0.4,1.8,1.7,9.2,-4.2,17.2,0,0
0.573,25,4,10.2,0.398,1.1,3.6,0.303,1.8,2.6,0.701,0.8,4.6,5.4,2.2,1.6,1.6,0.4,0.6,2.4,2.1,11,0.1,25.2,3,0
0.231,23,2.1,3.9,0.549,0,0,0,1,1.6,0.673,1.5,2.4,3.9,0.5,0.6,0.4,0.6,0.1,1.8,1.2,5.3,-2.7,13.5,5,0
0.375,26,1.5,4.1,0.364,0.1,0.4,0.333,1.1,1.3,0.9,0.3,0.6,0.9,1.4,0.6,0.1,0.1,0.4,1.5,0.8,4.3,-2.4,7.5,0,0
0.371,31,1.2,3.3,0.368,0.1,0.9,0.152,0.6,0.9,0.667,0.6,2.6,3.2,0.7,0.6,0.4,0.1,0.4,1.3,0.7,3.1,-3.6,8.9,0,0
0.613,23,4.3,8.6,0.503,0.9,2.1,0.404,2.2,2.8,0.764,0.8,1.8,2.6,4.7,1.7,1,0.1,0.9,1.7,2.3,11.7,2.9,23.3,4,0
0.486,25,4.1,8.8,0.465,0,0,0,2.8,3.6,0.779,2.1,3.2,5.2,0.6,1.1,0.5,0.2,0.6,2.3,3.1,11,-1.7,19.3,7,0
0.316,21,6.7,16.4,0.409,0.8,2.6,0.291,3.6,4.7,0.771,0.8,4,4.8,5.6,3.2,1.5,0.5,1.2,2.5,3.5,17.8,-3.5,34.8,6,0
0.439,24,3.8,8.1,0.471,0,0.1,0,2.6,3.3,0.787,1.6,3.9,5.5,0.7,1.6,0.7,1.6,0.8,2.8,2.9,10.2,-0.5,23.3,4,0
0.73,28,3.6,5.5,0.654,0,0,0,2.9,4,0.732,2.8,6.6,9.4,0.4,1.2,0.5,1.1,0.3,3.2,3.5,10.1,4,25.5,18,0
0.615,31,3.4,6.6,0.512,0,0,0,1.2,1.5,0.8,2.2,5.9,8.2,0.5,1.1,0.5,0.2,0.2,3,2.2,8,4.1,19.7,4,0
0.521,34,5.3,12.2,0.437,1.6,4.4,0.361,1.8,2.4,0.74,0.7,3,3.8,2,1.2,0.9,0.3,0.5,2.6,2.2,14,1.7,23.9,2,0
0.432,30,1.9,4.3,0.431,0.9,2.3,0.405,0.4,0.5,0.882,0.9,2,2.9,1.1,0.8,0.6,0.6,0.2,2.1,0.5,5.1,0.7,12.9,0,0
0.776,25,1.2,2.7,0.421,0.3,1.2,0.269,0.6,0.7,0.842,0.1,0.7,0.8,0.6,0.3,0.3,0.1,0.2,0.7,0.5,3.2,0.1,5.9,0,0
0.226,23,2.6,6.4,0.403,0.8,2,0.397,0.7,0.9,0.792,0.4,1.3,1.7,1.2,0.9,0.5,0,0.3,1.4,0.7,6.6,-3.3,11.1,0,0
0.215,23,3.4,8.6,0.397,1.3,3.7,0.356,0.8,1.2,0.696,0.6,2.4,3,1.9,1.2,0.7,0.7,0.2,2.1,0.9,9,-2.8,18.5,0,0
0.585,24,5.4,11.9,0.449,1.9,4.6,0.407,3.2,3.8,0.844,0.6,2.6,3.1,2,1.7,1.2,0.1,0.8,2.4,3.2,15.9,1.9,25,1,0
0.377,28,3,6.7,0.448,0.3,0.8,0.32,1.7,2,0.836,0.2,1,1.2,3.2,1.4,0.9,0.1,0.7,1.9,1.8,7.9,-2.8,15.5,0,0
0.571,29,3.5,7.9,0.443,0.7,2,0.348,1,1.3,0.78,0.3,1.8,2.1,1,0.9,0.5,0.2,0.4,1.9,1.2,8.7,-0.8,13.7,0,0
0.263,21,0.7,1.8,0.371,0.3,0.8,0.333,0.3,0.4,0.75,0.1,0.6,0.6,1.4,0.4,0.3,0,0.2,0.8,0.6,1.9,1.3,5.4,0,0
0.569,24,6,13.2,0.45,1.6,4.4,0.35,1.8,2.2,0.807,1,4.6,5.7,1.7,1.4,0.7,1.3,0.5,2.8,1.7,15.3,2.4,29.1,6,0
0.5,20,1.7,4.2,0.406,0.1,0.4,0.118,0.9,1.4,0.635,0.2,0.7,1,0.5,0.3,0.3,0.1,0.2,1.3,1.1,4.3,-1.2,7,0,0
0.2,30,3.6,7.4,0.486,0,0,0,3,3.2,0.938,1.4,4,5.4,0.8,1.4,0,1.6,0.6,2.6,3.4,10.2,-5.4,21.3,0,0
0.27,23,2.3,5.5,0.418,0,0.2,0.231,1,1.4,0.681,1.3,2.7,3.9,0.4,0.8,0.4,0.5,0.3,1.8,1.1,5.6,-3.5,13,3,0
0.583,26,2.1,5.2,0.408,0.1,0.4,0.3,0.7,0.7,0.941,0.2,0.6,0.8,2.1,1.2,0.8,0.1,0.1,1.3,0.9,5,-1.8,10.8,0,0
0.573,29,8,15.8,0.503,0.1,0.6,0.186,4,5.3,0.758,4.3,7.8,12.2,2.2,2,0.8,0.3,1.5,2.3,4.4,20.1,3.5,39.4,53,0
0.544,27,1.4,2.9,0.461,0,0,0,1.7,2.3,0.754,1.5,2.7,4.2,0.7,0.9,0.4,0.3,0.6,2.3,2.1,4.4,-1.7,11.8,4,0
0.708,36,2.3,4.4,0.508,0,0,0,0.5,0.6,0.783,1.5,2.5,4,0.4,0.7,0.3,0.8,0.2,2.6,0.6,5,2.9,13,3,0
